bias_sd,method,recall,undetected_impact_sd
0.25,Combined,0.16,0.21
0.25,Cross-sensor,0.125,0.219
0.25,Statistical,0.094,0.227
0.5,Combined,0.256,0.372
0.5,Cross-sensor,0.227,0.387
0.5,Statistical,0.11,0.445
0.75,Combined,0.463,0.402
0.75,Cross-sensor,0.439,0.421
0.75,Statistical,0.132,0.651
1.0,Combined,0.714,0.286
1.0,Cross-sensor,0.702,0.298
1.0,Statistical,0.156,0.844
1.5,Combined,0.787,0.32
1.5,Cross-sensor,0.777,0.334
1.5,Statistical,0.243,1.136
2.0,Combined,0.867,0.265
2.0,Cross-sensor,0.847,0.305
2.0,Statistical,0.351,1.298
3.0,Combined,0.913,0.262
3.0,Cross-sensor,0.874,0.378
3.0,Statistical,0.647,1.06
