attack,intensity,detector,precision,recall,f1,alarm_rate
spike,5%,IsolationForest,0.114,0.073,0.089,0.032
spike,5%,Autoencoder,0.511,1.0,0.677,0.098
spike,10%,IsolationForest,0.2,0.065,0.098,0.033
spike,10%,Autoencoder,0.682,1.0,0.811,0.146
spike,20%,IsolationForest,0.365,0.068,0.115,0.038
spike,20%,Autoencoder,0.832,1.0,0.908,0.24
spike,30%,IsolationForest,0.476,0.065,0.114,0.041
spike,30%,Autoencoder,0.894,1.0,0.944,0.336
drift,5%,IsolationForest,0.076,0.047,0.058,0.031
drift,5%,Autoencoder,0.362,0.561,0.44,0.077
drift,10%,IsolationForest,0.122,0.039,0.059,0.032
drift,10%,Autoencoder,0.528,0.542,0.535,0.103
drift,20%,IsolationForest,0.185,0.031,0.053,0.033
drift,20%,Autoencoder,0.698,0.513,0.592,0.147
drift,30%,IsolationForest,0.27,0.032,0.057,0.035
drift,30%,Autoencoder,0.777,0.505,0.612,0.195
freeze,5%,IsolationForest,0.048,0.029,0.036,0.03
freeze,5%,Autoencoder,0.174,0.209,0.19,0.06
freeze,10%,IsolationForest,0.077,0.023,0.036,0.03
freeze,10%,Autoencoder,0.171,0.1,0.127,0.059
freeze,20%,IsolationForest,0.096,0.014,0.025,0.03
freeze,20%,Autoencoder,0.269,0.081,0.125,0.061
freeze,30%,IsolationForest,0.132,0.013,0.024,0.03
freeze,30%,Autoencoder,0.271,0.054,0.09,0.06
