percentile,persist_hours,false_alarm,recall_at_1sd
95.0,1,0.247,0.817
95.0,3,0.243,0.816
95.0,6,0.229,0.816
95.0,12,0.196,0.808
97.0,1,0.153,0.783
97.0,3,0.151,0.783
97.0,6,0.145,0.781
97.0,12,0.117,0.774
98.0,1,0.104,0.751
98.0,3,0.103,0.749
98.0,6,0.097,0.749
98.0,12,0.074,0.725
99.0,1,0.08,0.702
99.0,3,0.079,0.7
99.0,6,0.074,0.7
99.0,12,0.055,0.671
99.5,1,0.046,0.492
99.5,3,0.046,0.491
99.5,6,0.041,0.466
99.5,12,0.036,0.412
99.9,1,0.029,0.375
99.9,3,0.028,0.37
99.9,6,0.028,0.357
99.9,12,0.014,0.316
